{"cameraMode":{"drawMode":0,"name":"Shaded","section":"Shading Mode"},"sceneLighting":true,"audioPlay":false,"sceneViewState":{"showFog":true,"showMaterialUpdate":false,"showSkybox":true,"showFlares":true,"showImageEffects":true,"showParticleSystems":true},"in2DMode":false,"pivot":{"x":2.7741687297821047,"y":3.418299913406372,"z":-0.052254557609558108},"rotation":{"x":0.10766218602657318,"y":-0.3893975615501404,"z":0.045880433171987537,"w":0.9136126637458801},"size":5.752532005310059,"orthographic":false}