{"cameraMode":{"drawMode":0,"name":"Shaded","section":"Shading Mode"},"sceneLighting":false,"audioPlay":false,"sceneViewState":{"showFog":true,"showMaterialUpdate":false,"showSkybox":false,"showFlares":true,"showImageEffects":true,"showParticleSystems":true},"in2DMode":false,"pivot":{"x":2.5006790161132814,"y":-1.3862171173095704,"z":5.609683990478516},"rotation":{"x":0.30181869864463808,"y":0.41914981603622439,"z":-0.15006238222122193,"w":0.8430317640304565},"size":24.274599075317384,"orthographic":false}