{"cameraMode":{"drawMode":0,"name":"Shaded","section":"Shading Mode"},"sceneLighting":true,"audioPlay":false,"sceneViewState":{"showFog":true,"showMaterialUpdate":false,"showSkybox":true,"showFlares":true,"showImageEffects":true,"showParticleSystems":true},"in2DMode":false,"pivot":{"x":-2.175772190093994,"y":4.3560285568237309,"z":-2.130884885787964},"rotation":{"x":0.04690880328416824,"y":-0.9477398991584778,"z":0.16542881727218629,"w":0.26874127984046938},"size":55.34919738769531,"orthographic":false}