{"cameraMode":{"drawMode":0,"name":"Shaded","section":"Shading Mode"},"sceneLighting":true,"audioPlay":false,"sceneViewState":{"showFog":true,"showMaterialUpdate":false,"showSkybox":true,"showFlares":true,"showImageEffects":true,"showParticleSystems":true},"in2DMode":false,"pivot":{"x":11.185361862182618,"y":4.964046478271484,"z":16.933256149291993},"rotation":{"x":0.20243723690509797,"y":-0.11194128543138504,"z":0.023297423496842386,"w":0.972602128982544},"size":2.305297374725342,"orthographic":false}