{"cameraMode":{"drawMode":0,"name":"Shaded","section":"Shading Mode"},"sceneLighting":true,"audioPlay":false,"sceneViewState":{"showFog":true,"showMaterialUpdate":false,"showSkybox":true,"showFlares":true,"showImageEffects":true,"showParticleSystems":true},"in2DMode":false,"pivot":{"x":-4.703916549682617,"y":0.4101458191871643,"z":24.98481559753418},"rotation":{"x":-0.13965752720832826,"y":0.4528839886188507,"z":-0.07206785678863526,"w":-0.8776129484176636},"size":4.062041282653809,"orthographic":false}